image_path,true_label,spoof_score,predicted_label_0.5
test_inf/live/518979.png,0,0.99563885,1
test_inf/live/522444.png,0,0.99590695,1
test_inf/live/523950.png,0,0.9934128,1
test_inf/live/524933.png,0,0.982021,1
test_inf/live/525075.png,0,0.9954549,1
test_inf/live/527846.png,0,0.99925274,1
test_inf/live/529247.png,0,0.9983606,1
test_inf/live/532108.png,0,0.9967314,1
test_inf/live/537057.png,0,0.9913105,1
test_inf/live/537609.png,0,0.9944239,1
test_inf/live/540587.png,0,0.9943792,1
test_inf/live/542440.png,0,0.9980141,1
test_inf/live/542562.png,0,0.98801374,1
test_inf/live/542849.png,0,0.99544936,1
test_inf/live/544581.png,0,0.9984097,1
test_inf/live/547681.png,0,0.9953548,1
test_inf/live/550810.png,0,0.99583983,1
test_inf/live/551563.png,0,0.9951007,1
test_inf/live/552331.png,0,0.99623907,1
test_inf/live/555004.png,0,0.9951131,1
test_inf/live/495684.png,0,0.98137134,1
test_inf/live/502376.png,0,0.99061173,1
test_inf/live/505278.png,0,0.96203935,1
test_inf/live/505303.png,0,0.99578446,1
test_inf/live/506348.png,0,0.9910495,1
test_inf/live/508286.png,0,0.9956867,1
test_inf/live/512741.png,0,0.9834176,1
test_inf/live/513794.png,0,0.9334939,1
test_inf/live/514031.png,0,0.9958503,1
test_inf/live/516551.png,0,0.9492581,1
test_inf/live/516928.png,0,0.969715,1
test_inf/live/518751.png,0,0.98846835,1
test_inf/live/522661.png,0,0.9868702,1
test_inf/live/523941.png,0,0.9688081,1
test_inf/live/529949.png,0,0.97197807,1
test_inf/live/530550.png,0,0.9627303,1
test_inf/live/532123.png,0,0.9657584,1
test_inf/live/537400.png,0,0.9931496,1
test_inf/live/540237.png,0,0.9884819,1
test_inf/live/542357.png,0,0.95221853,1
test_inf/live/545018.png,0,0.99573034,1
test_inf/live/545289.png,0,0.9955941,1
test_inf/live/545724.png,0,0.9491509,1
test_inf/live/547514.png,0,0.96677846,1
test_inf/live/548561.png,0,0.9904924,1
test_inf/live/549975.png,0,0.97222364,1
test_inf/live/550893.png,0,0.99867344,1
test_inf/live/557735.png,0,0.99064237,1
test_inf/live/558370.png,0,0.9978967,1
test_inf/live/558814.png,0,0.9928261,1
test_inf/live/495055.png,0,0.99302495,1
test_inf/live/497146.png,0,0.99416095,1
test_inf/live/498396.png,0,0.9817077,1
test_inf/live/502526.png,0,0.99708754,1
test_inf/live/512139.png,0,0.9839363,1
test_inf/live/517823.png,0,0.9974905,1
test_inf/live/520977.png,0,0.9855096,1
test_inf/live/521689.png,0,0.9923413,1
test_inf/live/528189.png,0,0.99563074,1
test_inf/live/534627.png,0,0.9944008,1
test_inf/live/539713.png,0,0.980143,1
test_inf/live/544085.png,0,0.9873289,1
test_inf/live/546216.png,0,0.9810693,1
test_inf/live/547415.png,0,0.9757474,1
test_inf/live/549851.png,0,0.98698133,1
test_inf/live/549992.png,0,0.9923935,1
test_inf/live/550909.png,0,0.9947655,1
test_inf/live/550952.png,0,0.98789924,1
test_inf/live/551576.png,0,0.98211145,1
test_inf/live/556226.png,0,0.9864245,1
test_inf/live/495379.png,0,0.9962585,1
test_inf/live/496293.png,0,0.9834699,1
test_inf/live/499340.png,0,0.98869354,1
test_inf/live/500970.png,0,0.9850331,1
test_inf/live/505783.png,0,0.99162275,1
test_inf/live/512110.png,0,0.9800628,1
test_inf/live/516601.png,0,0.99462235,1
test_inf/live/521944.png,0,0.98487145,1
test_inf/live/522842.png,0,0.9920041,1
test_inf/live/524336.png,0,0.9944048,1
test_inf/live/529083.png,0,0.977476,1
test_inf/live/531651.png,0,0.9926703,1
test_inf/live/537493.png,0,0.99506927,1
test_inf/live/537677.png,0,0.9893506,1
test_inf/live/537764.png,0,0.9899262,1
test_inf/live/538214.png,0,0.9924591,1
test_inf/live/543707.png,0,0.986634,1
test_inf/live/544117.png,0,0.9270473,1
test_inf/live/546008.png,0,0.9969036,1
test_inf/live/547257.png,0,0.982262,1
test_inf/live/555094.png,0,0.9960723,1
test_inf/live/560065.png,0,0.9902208,1
test_inf/live/561006.png,0,0.998201,1
test_inf/live/497454.png,0,0.9956409,1
test_inf/live/505502.png,0,0.976232,1
test_inf/live/515219.png,0,0.9986553,1
test_inf/live/515791.png,0,0.99931383,1
test_inf/live/516340.png,0,0.9857991,1
test_inf/live/518664.png,0,0.9848337,1
test_inf/live/524259.png,0,0.9877736,1
test_inf/live/527210.png,0,0.9818364,1
test_inf/live/527704.png,0,0.9761978,1
test_inf/live/529434.png,0,0.9934394,1
test_inf/live/529878.png,0,0.97650063,1
test_inf/live/533629.png,0,0.9938245,1
test_inf/live/534824.png,0,0.99155736,1
test_inf/live/534891.png,0,0.9940339,1
test_inf/live/539125.png,0,0.9795435,1
test_inf/live/540592.png,0,0.9934729,1
test_inf/live/541366.png,0,0.99626094,1
test_inf/live/544357.png,0,0.99392843,1
test_inf/live/550050.png,0,0.9951149,1
test_inf/live/550281.png,0,0.9709644,1
test_inf/live/550343.png,0,0.9963749,1
test_inf/live/553232.png,0,0.9921927,1
test_inf/live/554672.png,0,0.9937331,1
test_inf/live/554818.png,0,0.99704486,1
test_inf/live/555482.png,0,0.99442405,1
test_inf/live/556587.png,0,0.9883859,1
test_inf/live/557104.png,0,0.9860011,1
test_inf/live/558477.png,0,0.9888954,1
test_inf/live/559639.png,0,0.99433964,1
test_inf/live/494909.png,0,0.97867006,1
test_inf/live/499027.png,0,0.9964972,1
test_inf/live/499200.png,0,0.9777298,1
test_inf/live/502166.png,0,0.9985629,1
test_inf/live/510680.png,0,0.9981818,1
test_inf/live/511322.png,0,0.98827773,1
test_inf/live/512487.png,0,0.9949156,1
test_inf/live/512659.png,0,0.99345773,1
test_inf/live/521226.png,0,0.99785894,1
test_inf/live/524360.png,0,0.99443614,1
test_inf/live/525161.png,0,0.97542125,1
test_inf/live/525741.png,0,0.9919288,1
test_inf/live/525910.png,0,0.99812084,1
test_inf/live/527425.png,0,0.99560475,1
test_inf/live/529944.png,0,0.99627495,1
test_inf/live/532522.png,0,0.98630095,1
test_inf/live/533976.png,0,0.9985501,1
test_inf/live/534312.png,0,0.9958199,1
test_inf/live/534617.png,0,0.9907127,1
test_inf/live/535799.png,0,0.99242777,1
test_inf/live/536892.png,0,0.9974981,1
test_inf/live/540969.png,0,0.99604356,1
test_inf/live/541646.png,0,0.99854493,1
test_inf/live/551825.png,0,0.9965933,1
test_inf/live/552256.png,0,0.99258864,1
test_inf/live/557456.png,0,0.99589646,1
test_inf/live/557928.png,0,0.99800915,1
test_inf/live/558100.png,0,0.98654884,1
test_inf/live/560413.png,0,0.9937942,1
test_inf/live/497584.png,0,0.9950683,1
test_inf/live/498114.png,0,0.9860736,1
test_inf/live/501748.png,0,0.99488294,1
test_inf/live/502881.png,0,0.99375397,1
test_inf/live/509598.png,0,0.9895922,1
test_inf/live/518467.png,0,0.9974366,1
test_inf/live/544456.png,0,0.9915936,1
test_inf/live/547149.png,0,0.9900934,1
test_inf/live/548167.png,0,0.9925195,1
test_inf/live/552875.png,0,0.96497357,1
test_inf/live/557957.png,0,0.9947226,1
test_inf/live/496627.png,0,0.98836213,1
test_inf/live/498687.png,0,0.98156583,1
test_inf/live/500543.png,0,0.982682,1
test_inf/live/508738.png,0,0.99779665,1
test_inf/live/509976.png,0,0.99466467,1
test_inf/live/510116.png,0,0.99625057,1
test_inf/live/510597.png,0,0.9980751,1
test_inf/live/518822.png,0,0.99277955,1
test_inf/live/524446.png,0,0.99870527,1
test_inf/live/524827.png,0,0.9819417,1
test_inf/live/530122.png,0,0.99412894,1
test_inf/live/530254.png,0,0.99039245,1
test_inf/live/530358.png,0,0.997162,1
test_inf/live/533910.png,0,0.9985984,1
test_inf/live/534722.png,0,0.9974602,1
test_inf/live/536061.png,0,0.9952181,1
test_inf/live/536959.png,0,0.99060374,1
test_inf/live/537465.png,0,0.99067503,1
test_inf/live/539739.png,0,0.99732,1
test_inf/live/540207.png,0,0.99478674,1
test_inf/live/541246.png,0,0.99328303,1
test_inf/live/546766.png,0,0.9959818,1
test_inf/live/548564.png,0,0.9948088,1
test_inf/live/556132.png,0,0.99838483,1
test_inf/live/557702.png,0,0.98591924,1
test_inf/live/559051.png,0,0.9956749,1
test_inf/live/559641.png,0,0.9611702,1
test_inf/live/560098.png,0,0.9815305,1
test_inf/live/560358.png,0,0.9697205,1
test_inf/live/495146.png,0,0.9955107,1
test_inf/live/495591.png,0,0.99582845,1
test_inf/live/503433.png,0,0.98418796,1
test_inf/live/504004.png,0,0.96562904,1
test_inf/live/511009.png,0,0.99788517,1
test_inf/live/516382.png,0,0.9756749,1
test_inf/live/517077.png,0,0.9820369,1
test_inf/live/518480.png,0,0.9877159,1
test_inf/live/519173.png,0,0.99544513,1
test_inf/live/520184.png,0,0.99674773,1
test_inf/live/520866.png,0,0.98967487,1
test_inf/live/524035.png,0,0.99272025,1
test_inf/live/525661.png,0,0.9981244,1
test_inf/live/526253.png,0,0.99444735,1
test_inf/live/526872.png,0,0.9847377,1
test_inf/live/529417.png,0,0.99418986,1
test_inf/live/532370.png,0,0.9894498,1
test_inf/live/541776.png,0,0.986416,1
test_inf/live/544369.png,0,0.97101575,1
test_inf/live/545785.png,0,0.9902502,1
test_inf/live/547930.png,0,0.9889635,1
test_inf/live/548149.png,0,0.99701107,1
test_inf/live/549033.png,0,0.99582314,1
test_inf/live/552745.png,0,0.9783613,1
test_inf/live/556012.png,0,0.99786645,1
test_inf/live/494952.png,0,0.9890398,1
test_inf/live/495727.png,0,0.9857318,1
test_inf/live/498186.png,0,0.98775566,1
test_inf/live/499685.png,0,0.98647517,1
test_inf/live/500279.png,0,0.9954522,1
test_inf/live/501726.png,0,0.99817824,1
test_inf/live/505252.png,0,0.9879771,1
test_inf/live/506291.png,0,0.9870936,1
test_inf/live/508407.png,0,0.9942279,1
test_inf/live/516275.png,0,0.9938133,1
test_inf/live/516718.png,0,0.98992914,1
test_inf/live/524972.png,0,0.98788273,1
test_inf/live/533011.png,0,0.9978635,1
test_inf/live/534045.png,0,0.98504215,1
test_inf/live/543258.png,0,0.99648225,1
test_inf/live/551049.png,0,0.97654736,1
test_inf/live/553143.png,0,0.99103856,1
test_inf/live/557643.png,0,0.9949944,1
test_inf/live/561411.png,0,0.9936401,1
test_inf/live/496112.png,0,0.9898489,1
test_inf/live/500591.png,0,0.9913474,1
test_inf/live/502021.png,0,0.99656916,1
test_inf/live/503360.png,0,0.96689045,1
test_inf/live/503750.png,0,0.9933246,1
test_inf/live/504780.png,0,0.9978027,1
test_inf/live/507220.png,0,0.99564314,1
test_inf/live/511771.png,0,0.9976476,1
test_inf/live/514598.png,0,0.98862004,1
test_inf/live/522484.png,0,0.9968106,1
test_inf/live/524151.png,0,0.9962966,1
test_inf/live/524281.png,0,0.9958164,1
test_inf/live/526365.png,0,0.9956124,1
test_inf/live/526782.png,0,0.98436594,1
test_inf/live/527848.png,0,0.9941981,1
test_inf/live/541332.png,0,0.991647,1
test_inf/live/546503.png,0,0.9980459,1
test_inf/live/547254.png,0,0.9904028,1
test_inf/live/547789.png,0,0.99078673,1
test_inf/live/553287.png,0,0.9933349,1
test_inf/live/553858.png,0,0.9931926,1
test_inf/live/554399.png,0,0.997059,1
test_inf/live/555680.png,0,0.9927255,1
test_inf/live/556806.png,0,0.99321705,1
test_inf/live/557471.png,0,0.99638015,1
test_inf/live/558142.png,0,0.99735886,1
test_inf/live/558999.png,0,0.99575174,1
test_inf/live/559113.png,0,0.99143535,1
test_inf/live/559222.png,0,0.98783827,1
test_inf/live/560400.png,0,0.9954888,1
test_inf/live/497372.png,0,0.99370307,1
test_inf/live/505046.png,0,0.9838594,1
test_inf/live/505105.png,0,0.99855894,1
test_inf/live/505292.png,0,0.9902113,1
test_inf/live/505453.png,0,0.98868936,1
test_inf/live/506475.png,0,0.9883442,1
test_inf/live/507279.png,0,0.99753356,1
test_inf/live/510221.png,0,0.99652064,1
test_inf/live/511555.png,0,0.9916089,1
test_inf/live/515680.png,0,0.99728036,1
test_inf/live/519142.png,0,0.99482006,1
test_inf/live/520413.png,0,0.9983612,1
test_inf/live/523064.png,0,0.99352324,1
test_inf/live/523776.png,0,0.9897287,1
test_inf/live/526222.png,0,0.9834066,1
test_inf/live/528206.png,0,0.99422944,1
test_inf/live/530809.png,0,0.9905385,1
test_inf/live/531871.png,0,0.99653757,1
test_inf/live/533978.png,0,0.9967733,1
test_inf/live/534179.png,0,0.9958437,1
test_inf/live/534911.png,0,0.98823,1
test_inf/live/535335.png,0,0.99419147,1
test_inf/live/535411.png,0,0.9950864,1
test_inf/live/536214.png,0,0.99834895,1
test_inf/live/537446.png,0,0.99742234,1
test_inf/live/548654.png,0,0.99792576,1
test_inf/live/551921.png,0,0.9670904,1
test_inf/live/555465.png,0,0.9981134,1
test_inf/live/556187.png,0,0.99816376,1
test_inf/live/556308.png,0,0.9935055,1
test_inf/live/495826.png,0,0.9821911,1
test_inf/live/496288.png,0,0.9972953,1
test_inf/live/499161.png,0,0.9920026,1
test_inf/live/504479.png,0,0.9933842,1
test_inf/live/507531.png,0,0.9890226,1
test_inf/live/507998.png,0,0.9930248,1
test_inf/live/511358.png,0,0.9926945,1
test_inf/live/516105.png,0,0.9943224,1
test_inf/live/525748.png,0,0.98540133,1
test_inf/live/527966.png,0,0.9968857,1
test_inf/live/530197.png,0,0.98185194,1
test_inf/live/538071.png,0,0.9962716,1
test_inf/live/539208.png,0,0.9933113,1
test_inf/live/540924.png,0,0.99439645,1
test_inf/live/542492.png,0,0.9828687,1
test_inf/live/548494.png,0,0.98891556,1
test_inf/live/552353.png,0,0.99626094,1
test_inf/live/553122.png,0,0.9895811,1
test_inf/live/557769.png,0,0.97538835,1
test_inf/live/557921.png,0,0.9769602,1
test_inf/live/561118.png,0,0.9922448,1
test_inf/live/497228.png,0,0.9806786,1
test_inf/live/497686.png,0,0.9944037,1
test_inf/live/498835.png,0,0.97946334,1
test_inf/live/499367.png,0,0.9737366,1
test_inf/live/501489.png,0,0.95762444,1
test_inf/live/505041.png,0,0.9852137,1
test_inf/live/506342.png,0,0.9783384,1
test_inf/live/515707.png,0,0.99255615,1
test_inf/live/516074.png,0,0.975248,1
test_inf/live/517934.png,0,0.9721929,1
test_inf/live/522976.png,0,0.9650313,1
test_inf/live/523999.png,0,0.9748249,1
test_inf/live/527233.png,0,0.98662066,1
test_inf/live/528782.png,0,0.9962967,1
test_inf/live/533925.png,0,0.9765015,1
test_inf/live/535248.png,0,0.99527293,1
test_inf/live/543486.png,0,0.98288924,1
test_inf/live/545869.png,0,0.9872732,1
test_inf/live/552901.png,0,0.9854294,1
test_inf/live/554760.png,0,0.99674606,1
test_inf/live/560995.png,0,0.9963648,1
test_inf/live/496536.png,0,0.98912305,1
test_inf/live/498725.png,0,0.9846769,1
test_inf/live/499216.png,0,0.99517727,1
test_inf/live/505136.png,0,0.9942993,1
test_inf/live/507487.png,0,0.98221487,1
test_inf/live/515639.png,0,0.9983125,1
test_inf/live/520168.png,0,0.97128344,1
test_inf/live/531413.png,0,0.98872375,1
test_inf/live/537254.png,0,0.98268753,1
test_inf/live/537430.png,0,0.9867757,1
test_inf/live/548019.png,0,0.99663216,1
test_inf/live/552625.png,0,0.9770299,1
test_inf/live/554737.png,0,0.9915843,1
test_inf/live/557017.png,0,0.9893913,1
test_inf/live/559951.png,0,0.99773574,1
test_inf/live/500892.png,0,0.9878836,1
test_inf/live/501344.png,0,0.9892229,1
test_inf/live/509579.png,0,0.9931076,1
test_inf/live/511186.png,0,0.99421555,1
test_inf/live/512575.png,0,0.98962057,1
test_inf/live/513303.png,0,0.9962758,1
test_inf/live/513825.png,0,0.98903775,1
test_inf/live/513970.png,0,0.9511078,1
test_inf/live/514744.png,0,0.9902492,1
test_inf/live/519636.png,0,0.9898481,1
test_inf/live/523327.png,0,0.9957802,1
test_inf/live/525802.png,0,0.98464245,1
test_inf/live/533578.png,0,0.9795114,1
test_inf/live/539248.png,0,0.99503076,1
test_inf/live/547818.png,0,0.98912024,1
test_inf/live/555001.png,0,0.99126476,1
test_inf/live/557355.png,0,0.9925143,1
test_inf/live/558839.png,0,0.98217314,1
test_inf/live/560566.png,0,0.9922884,1
test_inf/live/495251.png,0,0.9973598,1
test_inf/live/495697.png,0,0.98030293,1
test_inf/live/506497.png,0,0.99338007,1
test_inf/live/506708.png,0,0.9897836,1
test_inf/live/507106.png,0,0.9884293,1
test_inf/live/512749.png,0,0.98944,1
test_inf/live/520146.png,0,0.9888439,1
test_inf/live/523697.png,0,0.98759425,1
test_inf/live/526550.png,0,0.9879892,1
test_inf/live/527895.png,0,0.9917361,1
test_inf/live/538620.png,0,0.9861994,1
test_inf/live/540955.png,0,0.99869186,1
test_inf/live/542335.png,0,0.9930956,1
test_inf/live/545391.png,0,0.9905814,1
test_inf/live/547248.png,0,0.98388124,1
test_inf/live/549680.png,0,0.9722589,1
test_inf/live/549995.png,0,0.9878991,1
test_inf/live/552265.png,0,0.9889626,1
test_inf/live/552269.png,0,0.98229724,1
test_inf/live/554686.png,0,0.96639585,1
test_inf/live/556441.png,0,0.9492269,1
test_inf/live/561087.png,0,0.98650986,1
test_inf/live/496974.png,0,0.9780727,1
test_inf/live/498379.png,0,0.98779374,1
test_inf/live/502227.png,0,0.97244084,1
test_inf/live/511846.png,0,0.9938181,1
test_inf/live/513826.png,0,0.99164176,1
test_inf/live/516459.png,0,0.9929941,1
test_inf/live/531622.png,0,0.96110237,1
test_inf/live/535197.png,0,0.969599,1
test_inf/live/536740.png,0,0.9863542,1
test_inf/live/540556.png,0,0.98985904,1
test_inf/live/540976.png,0,0.99844724,1
test_inf/live/544166.png,0,0.9816513,1
test_inf/live/544173.png,0,0.994676,1
test_inf/live/548051.png,0,0.9821873,1
test_inf/live/549332.png,0,0.9908846,1
test_inf/live/550868.png,0,0.99415475,1
test_inf/live/551422.png,0,0.99022347,1
test_inf/live/557922.png,0,0.99640805,1
test_inf/live/559477.png,0,0.9799927,1
test_inf/live/559928.png,0,0.982926,1
test_inf/live/560049.png,0,0.9863663,1
test_inf/live/560293.png,0,0.9875507,1
test_inf/live/496353.png,0,0.96752006,1
test_inf/live/499236.png,0,0.98942953,1
test_inf/live/503712.png,0,0.9952042,1
test_inf/live/515408.png,0,0.9845531,1
test_inf/live/515866.png,0,0.9871055,1
test_inf/live/516821.png,0,0.99211496,1
test_inf/live/518724.png,0,0.9932254,1
test_inf/live/518903.png,0,0.99066925,1
test_inf/live/524557.png,0,0.9826361,1
test_inf/live/529065.png,0,0.9900697,1
test_inf/live/531064.png,0,0.961304,1
test_inf/live/537865.png,0,0.9807365,1
test_inf/live/538113.png,0,0.9902604,1
test_inf/live/540080.png,0,0.9897522,1
test_inf/live/542333.png,0,0.9939335,1
test_inf/live/544785.png,0,0.9964276,1
test_inf/live/545072.png,0,0.99123,1
test_inf/live/548905.png,0,0.99245876,1
test_inf/live/550085.png,0,0.9885738,1
test_inf/live/552276.png,0,0.97130156,1
test_inf/live/557694.png,0,0.9953157,1
test_inf/live/494758.png,0,0.99330974,1
test_inf/live/497102.png,0,0.98271596,1
test_inf/live/497699.png,0,0.9850011,1
test_inf/live/498774.png,0,0.9951474,1
test_inf/live/505449.png,0,0.9931034,1
test_inf/live/507336.png,0,0.9904315,1
test_inf/live/510633.png,0,0.9959441,1
test_inf/live/510650.png,0,0.98163843,1
test_inf/live/518492.png,0,0.99316794,1
test_inf/live/519243.png,0,0.99788,1
test_inf/live/521905.png,0,0.9866305,1
test_inf/live/524611.png,0,0.9914693,1
test_inf/live/525986.png,0,0.99567884,1
test_inf/live/529751.png,0,0.99634653,1
test_inf/live/531261.png,0,0.98695904,1
test_inf/live/533387.png,0,0.99169064,1
test_inf/live/533824.png,0,0.9973072,1
test_inf/live/535410.png,0,0.966611,1
test_inf/live/537439.png,0,0.9922023,1
test_inf/live/539634.png,0,0.9880211,1
test_inf/live/540613.png,0,0.9913878,1
test_inf/live/547486.png,0,0.9819604,1
test_inf/live/550946.png,0,0.9904083,1
test_inf/live/552409.png,0,0.9921761,1
test_inf/live/555186.png,0,0.9924252,1
test_inf/live/555628.png,0,0.9923894,1
test_inf/live/556536.png,0,0.9883305,1
test_inf/live/558262.png,0,0.9926507,1
test_inf/live/559994.png,0,0.9909244,1
test_inf/live/560841.png,0,0.9727878,1
test_inf/live/501849.png,0,0.9899275,1
test_inf/live/508566.png,0,0.9935215,1
test_inf/live/509672.png,0,0.98045224,1
test_inf/live/512566.png,0,0.98473746,1
test_inf/live/514600.png,0,0.9983297,1
test_inf/live/519159.png,0,0.9828672,1
test_inf/live/526263.png,0,0.99228525,1
test_inf/live/531006.png,0,0.98527247,1
test_inf/live/531471.png,0,0.98738503,1
test_inf/live/535889.png,0,0.9925021,1
test_inf/live/540928.png,0,0.9910813,1
test_inf/live/541618.png,0,0.98030204,1
test_inf/live/547821.png,0,0.9784641,1
test_inf/live/549977.png,0,0.9968317,1
test_inf/live/552889.png,0,0.99355173,1
test_inf/live/559581.png,0,0.99630654,1
test_inf/live/559827.png,0,0.98766637,1
test_inf/live/494491.png,0,0.99895775,1
test_inf/live/496074.png,0,0.9927947,1
test_inf/live/498666.png,0,0.9923631,1
test_inf/live/503167.png,0,0.98323256,1
test_inf/live/505071.png,0,0.9860844,1
test_inf/live/505112.png,0,0.9936713,1
test_inf/live/508208.png,0,0.9881734,1
test_inf/live/510262.png,0,0.99406767,1
test_inf/live/511408.png,0,0.99511933,1
test_inf/live/512635.png,0,0.9884843,1
test_inf/live/513337.png,0,0.98702735,1
test_inf/live/514482.png,0,0.99734396,1
test_inf/live/515816.png,0,0.9939646,1
test_inf/live/516335.png,0,0.99359506,1
test_inf/live/517258.png,0,0.9963354,1
test_inf/live/517417.png,0,0.99624556,1
test_inf/live/525069.png,0,0.9927434,1
test_inf/live/526844.png,0,0.99539894,1
test_inf/live/530383.png,0,0.9868716,1
test_inf/live/537219.png,0,0.96327686,1
test_inf/live/537598.png,0,0.9947023,1
test_inf/live/540840.png,0,0.9833725,1
test_inf/live/540855.png,0,0.9743224,1
test_inf/live/544909.png,0,0.9928281,1
test_inf/live/551587.png,0,0.9973678,1
test_inf/live/552010.png,0,0.92636913,1
test_inf/live/552245.png,0,0.9865422,1
test_inf/live/552730.png,0,0.9947239,1
test_inf/live/559379.png,0,0.9980088,1
test_inf/live/495296.png,0,0.9916859,1
test_inf/live/498314.png,0,0.99509037,1
test_inf/live/503212.png,0,0.99140793,1
test_inf/live/505300.png,0,0.98959434,1
test_inf/live/507983.png,0,0.9940317,1
test_inf/live/508007.png,0,0.99624157,1
test_inf/live/509154.png,0,0.9934388,1
test_inf/live/509468.png,0,0.9975858,1
test_inf/live/513299.png,0,0.9863616,1
test_inf/live/517226.png,0,0.9934936,1
test_inf/live/518288.png,0,0.98166454,1
test_inf/live/521709.png,0,0.9975908,1
test_inf/live/522303.png,0,0.9906661,1
test_inf/live/522584.png,0,0.98450124,1
test_inf/live/522673.png,0,0.99707055,1
test_inf/live/523964.png,0,0.9909313,1
test_inf/live/533028.png,0,0.9877192,1
test_inf/live/535148.png,0,0.9960871,1
test_inf/live/535800.png,0,0.9934529,1
test_inf/live/536049.png,0,0.9934047,1
test_inf/live/536456.png,0,0.99754745,1
test_inf/live/538389.png,0,0.9914869,1
test_inf/live/540439.png,0,0.9957209,1
test_inf/live/551657.png,0,0.99038845,1
test_inf/live/551941.png,0,0.9727508,1
test_inf/live/553742.png,0,0.9870767,1
test_inf/live/556041.png,0,0.99511874,1
test_inf/live/557738.png,0,0.9837542,1
test_inf/live/557793.png,0,0.98824817,1
test_inf/live/558564.png,0,0.99741447,1
test_inf/live/500049.png,0,0.99270904,1
test_inf/live/501338.png,0,0.9976695,1
test_inf/live/503520.png,0,0.99584717,1
test_inf/live/508856.png,0,0.9977502,1
test_inf/live/525898.png,0,0.9942107,1
test_inf/live/527198.png,0,0.9942468,1
test_inf/live/529515.png,0,0.98873466,1
test_inf/live/549513.png,0,0.97532845,1
test_inf/live/556494.png,0,0.99869686,1
test_inf/live/559805.png,0,0.9808821,1
test_inf/live/494450.png,0,0.9863874,1
test_inf/live/494453.png,0,0.9791445,1
test_inf/live/494661.png,0,0.96912855,1
test_inf/live/496105.png,0,0.9956167,1
test_inf/live/499056.png,0,0.9926944,1
test_inf/live/501352.png,0,0.98392624,1
test_inf/live/506629.png,0,0.9992716,1
test_inf/live/511131.png,0,0.9886342,1
test_inf/live/511485.png,0,0.9963727,1
test_inf/live/511662.png,0,0.9970804,1
test_inf/live/511883.png,0,0.9576368,1
test_inf/live/513912.png,0,0.99077386,1
test_inf/live/515999.png,0,0.99283904,1
test_inf/live/534886.png,0,0.99851066,1
test_inf/live/535017.png,0,0.97552687,1
test_inf/live/535771.png,0,0.9396417,1
test_inf/live/536463.png,0,0.99638855,1
test_inf/live/540645.png,0,0.9977596,1
test_inf/live/551927.png,0,0.9871945,1
test_inf/live/555524.png,0,0.9936744,1
test_inf/live/560212.png,0,0.99852824,1
test_inf/live/517781.png,0,0.99393696,1
test_inf/live/525233.png,0,0.9859307,1
test_inf/live/537084.png,0,0.9978846,1
test_inf/live/537250.png,0,0.9933054,1
test_inf/live/538479.png,0,0.99762446,1
test_inf/live/494666.png,0,0.9984945,1
test_inf/live/500690.png,0,0.9967353,1
test_inf/live/504533.png,0,0.9946755,1
test_inf/live/506440.png,0,0.9964161,1
test_inf/live/507865.png,0,0.99817574,1
test_inf/live/508248.png,0,0.99497706,1
test_inf/live/508438.png,0,0.99063826,1
test_inf/live/511518.png,0,0.98372793,1
test_inf/live/512146.png,0,0.9818651,1
test_inf/live/512280.png,0,0.98338795,1
test_inf/live/512984.png,0,0.99729306,1
test_inf/live/515058.png,0,0.9803698,1
test_inf/live/515529.png,0,0.9966966,1
test_inf/live/517079.png,0,0.99521196,1
test_inf/live/518708.png,0,0.9991449,1
test_inf/live/522655.png,0,0.99529773,1
test_inf/live/525252.png,0,0.9959209,1
test_inf/live/531301.png,0,0.9986149,1
test_inf/live/531863.png,0,0.9909623,1
test_inf/live/531892.png,0,0.9738879,1
test_inf/live/534624.png,0,0.97319835,1
test_inf/live/534699.png,0,0.98561364,1
test_inf/live/541080.png,0,0.9961804,1
test_inf/live/543905.png,0,0.9843732,1
test_inf/live/549142.png,0,0.98554844,1
test_inf/live/550435.png,0,0.9939268,1
test_inf/live/552211.png,0,0.9977847,1
test_inf/live/556848.png,0,0.9923348,1
test_inf/live/557730.png,0,0.99863225,1
test_inf/live/498499.png,0,0.98572505,1
test_inf/live/500224.png,0,0.99832255,1
test_inf/live/508427.png,0,0.9855419,1
test_inf/live/508548.png,0,0.9907164,1
test_inf/live/509567.png,0,0.9912117,1
test_inf/live/515908.png,0,0.9922134,1
test_inf/live/516130.png,0,0.99147934,1
test_inf/live/518635.png,0,0.99378693,1
test_inf/live/524114.png,0,0.99269086,1
test_inf/live/525560.png,0,0.9978666,1
test_inf/live/528390.png,0,0.99274594,1
test_inf/live/534739.png,0,0.99339056,1
test_inf/live/536186.png,0,0.9939925,1
test_inf/live/538009.png,0,0.99353653,1
test_inf/live/539793.png,0,0.9968624,1
test_inf/live/541141.png,0,0.9932308,1
test_inf/live/551738.png,0,0.9936079,1
test_inf/live/555932.png,0,0.99918526,1
test_inf/live/556588.png,0,0.99916506,1
test_inf/live/558228.png,0,0.99782264,1
test_inf/live/559935.png,0,0.99717546,1
test_inf/live/560454.png,0,0.99663806,1
test_inf/live/560916.png,0,0.99717605,1
test_inf/live/495868.png,0,0.99780184,1
test_inf/live/496667.png,0,0.9869069,1
test_inf/live/503650.png,0,0.99839044,1
test_inf/live/504700.png,0,0.98637193,1
test_inf/live/505156.png,0,0.9981053,1
test_inf/live/507570.png,0,0.997894,1
test_inf/live/507950.png,0,0.98816186,1
test_inf/live/511385.png,0,0.9878927,1
test_inf/live/511546.png,0,0.9903894,1
test_inf/live/512465.png,0,0.99005556,1
test_inf/live/514017.png,0,0.98716253,1
test_inf/live/517834.png,0,0.9911912,1
test_inf/live/518598.png,0,0.9966551,1
test_inf/live/519944.png,0,0.98933417,1
test_inf/live/520851.png,0,0.9917454,1
test_inf/live/527158.png,0,0.99612635,1
test_inf/live/530348.png,0,0.9938514,1
test_inf/live/530381.png,0,0.9940826,1
test_inf/live/533580.png,0,0.9914171,1
test_inf/live/534116.png,0,0.9970235,1
test_inf/live/538522.png,0,0.98982877,1
test_inf/live/543479.png,0,0.99627054,1
test_inf/live/545294.png,0,0.99486583,1
test_inf/live/548403.png,0,0.99650276,1
test_inf/live/549360.png,0,0.99435896,1
test_inf/live/550528.png,0,0.9940613,1
test_inf/live/553600.png,0,0.99819785,1
test_inf/live/554606.png,0,0.9965797,1
test_inf/live/556075.png,0,0.9954928,1
test_inf/live/494591.png,0,0.9966181,1
test_inf/live/497002.png,0,0.989,1
test_inf/live/499036.png,0,0.9914425,1
test_inf/live/507559.png,0,0.99709296,1
test_inf/live/510453.png,0,0.9886966,1
test_inf/live/512943.png,0,0.993853,1
test_inf/live/513541.png,0,0.9902941,1
test_inf/live/515686.png,0,0.9801078,1
test_inf/live/531848.png,0,0.9958994,1
test_inf/live/532587.png,0,0.9869478,1
test_inf/live/533771.png,0,0.9932407,1
test_inf/live/545097.png,0,0.9880724,1
test_inf/live/545424.png,0,0.9941525,1
test_inf/live/549508.png,0,0.99027014,1
test_inf/live/552827.png,0,0.993922,1
test_inf/live/558413.png,0,0.99165326,1
test_inf/live/559488.png,0,0.9947088,1
test_inf/live/498087.png,0,0.9931203,1
test_inf/live/498263.png,0,0.9907431,1
test_inf/live/499782.png,0,0.9837194,1
test_inf/live/505597.png,0,0.99107516,1
test_inf/live/506213.png,0,0.9961474,1
test_inf/live/506400.png,0,0.9933055,1
test_inf/live/506709.png,0,0.9899255,1
test_inf/live/508098.png,0,0.9906437,1
test_inf/live/510949.png,0,0.95337766,1
test_inf/live/511059.png,0,0.99484766,1
test_inf/live/512516.png,0,0.9841479,1
test_inf/live/515539.png,0,0.994426,1
test_inf/live/516426.png,0,0.98877865,1
test_inf/live/522403.png,0,0.99213094,1
test_inf/live/523349.png,0,0.9885718,1
test_inf/live/526873.png,0,0.98809844,1
test_inf/live/531139.png,0,0.9961737,1
test_inf/live/537045.png,0,0.99201465,1
test_inf/live/540335.png,0,0.9941022,1
test_inf/live/542480.png,0,0.9858974,1
test_inf/live/543582.png,0,0.9944766,1
test_inf/live/544890.png,0,0.9900338,1
test_inf/live/545132.png,0,0.98986137,1
test_inf/live/550264.png,0,0.9555242,1
test_inf/live/552948.png,0,0.99472284,1
test_inf/live/554210.png,0,0.99155265,1
test_inf/live/556728.png,0,0.9893829,1
test_inf/live/558011.png,0,0.99446,1
test_inf/live/558278.png,0,0.99332494,1
test_inf/live/560376.png,0,0.9841367,1
test_inf/live/495938.png,0,0.99147886,1
test_inf/live/496706.png,0,0.98794436,1
test_inf/live/497626.png,0,0.9917129,1
test_inf/live/498895.png,0,0.9871895,1
test_inf/live/498907.png,0,0.99819994,1
test_inf/live/500269.png,0,0.9863636,1
test_inf/live/500604.png,0,0.99336135,1
test_inf/live/503345.png,0,0.99067956,1
test_inf/live/503927.png,0,0.9747206,1
test_inf/live/506943.png,0,0.9956638,1
test_inf/live/507031.png,0,0.994341,1
test_inf/live/509934.png,0,0.9967982,1
test_inf/live/511463.png,0,0.99439263,1
test_inf/live/511943.png,0,0.9909757,1
test_inf/live/513034.png,0,0.99507636,1
test_inf/live/514969.png,0,0.99722123,1
test_inf/live/517855.png,0,0.9946603,1
test_inf/live/522790.png,0,0.9950799,1
test_inf/live/523753.png,0,0.99791414,1
test_inf/live/527179.png,0,0.9930862,1
test_inf/live/532448.png,0,0.99492365,1
test_inf/live/542514.png,0,0.9937543,1
test_inf/live/544333.png,0,0.9954093,1
test_inf/live/547242.png,0,0.99687165,1
test_inf/live/547342.png,0,0.99762005,1
test_inf/live/548083.png,0,0.9965519,1
test_inf/live/551660.png,0,0.9855759,1
test_inf/live/551830.png,0,0.99653804,1
test_inf/live/552564.png,0,0.9858571,1
test_inf/live/556602.png,0,0.99594444,1
test_inf/live/494460.png,0,0.99625105,1
test_inf/live/494846.png,0,0.99219316,1
test_inf/live/495163.png,0,0.9984517,1
test_inf/live/496204.png,0,0.9955545,1
test_inf/live/500882.png,0,0.9979724,1
test_inf/live/507165.png,0,0.997361,1
test_inf/live/507430.png,0,0.9832714,1
test_inf/live/509103.png,0,0.97839737,1
test_inf/live/511763.png,0,0.99489224,1
test_inf/live/512345.png,0,0.98214114,1
test_inf/live/517119.png,0,0.99460405,1
test_inf/live/517547.png,0,0.9948782,1
test_inf/live/517682.png,0,0.9956115,1
test_inf/live/518525.png,0,0.9954867,1
test_inf/live/524549.png,0,0.98617107,1
test_inf/live/525792.png,0,0.9931722,1
test_inf/live/535333.png,0,0.9898343,1
test_inf/live/535707.png,0,0.99560213,1
test_inf/live/536725.png,0,0.9855481,1
test_inf/live/536880.png,0,0.991219,1
test_inf/live/537705.png,0,0.9962226,1
test_inf/live/539767.png,0,0.99687946,1
test_inf/live/540194.png,0,0.9905725,1
test_inf/live/542779.png,0,0.98739666,1
test_inf/live/548878.png,0,0.99369365,1
test_inf/live/549072.png,0,0.9973093,1
test_inf/live/551332.png,0,0.99221754,1
test_inf/live/554740.png,0,0.9927862,1
test_inf/live/559366.png,0,0.9954898,1
test_inf/live/561543.png,0,0.99939156,1
test_inf/live/496740.png,0,0.99836797,1
test_inf/live/504005.png,0,0.9958521,1
test_inf/live/505246.png,0,0.988663,1
test_inf/live/508845.png,0,0.98911685,1
test_inf/live/518875.png,0,0.99197465,1
test_inf/live/520279.png,0,0.9719524,1
test_inf/live/523861.png,0,0.998973,1
test_inf/live/525750.png,0,0.99264973,1
test_inf/live/526759.png,0,0.9958319,1
test_inf/live/530017.png,0,0.9974891,1
test_inf/live/530040.png,0,0.9579558,1
test_inf/live/530191.png,0,0.9974139,1
test_inf/live/533049.png,0,0.9844432,1
test_inf/live/535362.png,0,0.9898017,1
test_inf/live/540702.png,0,0.9960502,1
test_inf/live/542179.png,0,0.9987425,1
test_inf/live/548203.png,0,0.99231696,1
test_inf/live/550066.png,0,0.9986498,1
test_inf/live/552416.png,0,0.9876836,1
test_inf/live/555548.png,0,0.9886008,1
test_inf/live/556781.png,0,0.9967038,1
test_inf/live/557826.png,0,0.9936976,1
test_inf/live/503251.png,0,0.9857637,1
test_inf/live/505683.png,0,0.9871336,1
test_inf/live/508499.png,0,0.9821093,1
test_inf/live/509001.png,0,0.9834341,1
test_inf/live/509142.png,0,0.99224675,1
test_inf/live/514707.png,0,0.99524873,1
test_inf/live/520685.png,0,0.9517399,1
test_inf/live/520974.png,0,0.99460983,1
test_inf/live/521628.png,0,0.9912395,1
test_inf/live/524619.png,0,0.97411186,1
test_inf/live/528554.png,0,0.96609926,1
test_inf/live/538919.png,0,0.96996033,1
test_inf/live/539820.png,0,0.9891235,1
test_inf/live/550077.png,0,0.98811996,1
test_inf/live/551544.png,0,0.9740785,1
test_inf/live/552004.png,0,0.99317294,1
test_inf/live/552667.png,0,0.9490466,1
test_inf/live/560242.png,0,0.9667864,1
test_inf/live/561385.png,0,0.9836596,1
test_inf/live/509728.png,0,0.9853596,1
test_inf/live/519085.png,0,0.9897635,1
test_inf/live/494782.png,0,0.99102354,1
test_inf/live/499443.png,0,0.9990595,1
test_inf/live/504954.png,0,0.99010617,1
test_inf/live/506592.png,0,0.99503964,1
test_inf/live/508477.png,0,0.99487174,1
test_inf/live/513127.png,0,0.99230313,1
test_inf/live/514133.png,0,0.9959921,1
test_inf/live/515403.png,0,0.99232095,1
test_inf/live/516009.png,0,0.9963648,1
test_inf/live/517506.png,0,0.985143,1
test_inf/live/517605.png,0,0.9919269,1
test_inf/live/519796.png,0,0.98987234,1
test_inf/live/521864.png,0,0.981312,1
test_inf/live/523136.png,0,0.9854498,1
test_inf/live/526285.png,0,0.99295217,1
test_inf/live/529461.png,0,0.994902,1
test_inf/live/529614.png,0,0.9883775,1
test_inf/live/531521.png,0,0.9906887,1
test_inf/live/537209.png,0,0.99012744,1
test_inf/live/538490.png,0,0.9992754,1
test_inf/live/538595.png,0,0.98443747,1
test_inf/live/540249.png,0,0.99715865,1
test_inf/live/540862.png,0,0.9881809,1
test_inf/live/542310.png,0,0.9919624,1
test_inf/live/545077.png,0,0.9900851,1
test_inf/live/548655.png,0,0.97270465,1
test_inf/live/550194.png,0,0.9886863,1
test_inf/live/551779.png,0,0.989906,1
test_inf/live/554238.png,0,0.9964653,1
test_inf/live/559840.png,0,0.9889653,1
test_inf/live/495102.png,0,0.9925519,1
test_inf/live/500110.png,0,0.9924085,1
test_inf/live/501985.png,0,0.9782663,1
test_inf/live/503461.png,0,0.9827877,1
test_inf/live/503552.png,0,0.9937243,1
test_inf/live/506848.png,0,0.9682921,1
test_inf/live/508942.png,0,0.9944173,1
test_inf/live/509903.png,0,0.99522805,1
test_inf/live/510599.png,0,0.997851,1
test_inf/live/512515.png,0,0.99966,1
test_inf/live/512993.png,0,0.98695105,1
test_inf/live/522538.png,0,0.9912042,1
test_inf/live/525627.png,0,0.9942674,1
test_inf/live/525971.png,0,0.9788832,1
test_inf/live/529549.png,0,0.9913633,1
test_inf/live/531787.png,0,0.97813374,1
test_inf/live/539339.png,0,0.99332035,1
test_inf/live/541503.png,0,0.984844,1
test_inf/live/541747.png,0,0.98380315,1
test_inf/live/545658.png,0,0.9830251,1
test_inf/live/546145.png,0,0.9894656,1
test_inf/live/547167.png,0,0.99372816,1
test_inf/live/549758.png,0,0.9885909,1
test_inf/live/550796.png,0,0.9964175,1
test_inf/live/551593.png,0,0.9912321,1
test_inf/live/556147.png,0,0.99738365,1
test_inf/live/556283.png,0,0.9951019,1
test_inf/live/557373.png,0,0.96344733,1
test_inf/live/557988.png,0,0.97154206,1
test_inf/live/560905.png,0,0.9784531,1
test_inf/live/494579.png,0,0.99882585,1
test_inf/live/495611.png,0,0.9945834,1
test_inf/live/496228.png,0,0.99100024,1
test_inf/live/496813.png,0,0.9963367,1
test_inf/live/500981.png,0,0.9825143,1
test_inf/live/503663.png,0,0.99637324,1
test_inf/live/505700.png,0,0.9965759,1
test_inf/live/508395.png,0,0.9946825,1
test_inf/live/509711.png,0,0.9986389,1
test_inf/live/511034.png,0,0.9810729,1
test_inf/live/513225.png,0,0.9990557,1
test_inf/live/513902.png,0,0.9908131,1
test_inf/live/514175.png,0,0.99704355,1
test_inf/live/516737.png,0,0.9886203,1
test_inf/live/516740.png,0,0.9945188,1
test_inf/live/520461.png,0,0.99704343,1
test_inf/live/526409.png,0,0.97698057,1
test_inf/live/537274.png,0,0.9945174,1
test_inf/live/538893.png,0,0.99207824,1
test_inf/live/539044.png,0,0.9891237,1
test_inf/live/542299.png,0,0.99067795,1
test_inf/live/543280.png,0,0.99436164,1
test_inf/live/544966.png,0,0.9984302,1
test_inf/live/546384.png,0,0.99044085,1
test_inf/live/546751.png,0,0.9838546,1
test_inf/live/549657.png,0,0.99776554,1
test_inf/live/556034.png,0,0.9931507,1
test_inf/live/556603.png,0,0.99612755,1
test_inf/live/558267.png,0,0.9982601,1
test_inf/live/558504.png,0,0.9933769,1
test_inf/live/495449.png,0,0.9911867,1
test_inf/live/497486.png,0,0.99390405,1
test_inf/live/501455.png,0,0.9969703,1
test_inf/live/509658.png,0,0.9917247,1
test_inf/live/516383.png,0,0.9972832,1
test_inf/live/516520.png,0,0.9740657,1
test_inf/live/518890.png,0,0.99112505,1
test_inf/live/519959.png,0,0.99243236,1
test_inf/live/520661.png,0,0.9949249,1
test_inf/live/520788.png,0,0.9889369,1
test_inf/live/521437.png,0,0.9711247,1
test_inf/live/522306.png,0,0.9937354,1
test_inf/live/522460.png,0,0.99112296,1
test_inf/live/525089.png,0,0.9891021,1
test_inf/live/528909.png,0,0.97283,1
test_inf/live/528916.png,0,0.9956649,1
test_inf/live/529151.png,0,0.9958494,1
test_inf/live/537875.png,0,0.99353,1
test_inf/live/538958.png,0,0.99336654,1
test_inf/live/539535.png,0,0.9812237,1
test_inf/live/540516.png,0,0.9933361,1
test_inf/live/541008.png,0,0.98939717,1
test_inf/live/542252.png,0,0.9956222,1
test_inf/live/543602.png,0,0.99615675,1
test_inf/live/544853.png,0,0.9892972,1
test_inf/live/545402.png,0,0.99642617,1
test_inf/live/545735.png,0,0.99445456,1
test_inf/live/556920.png,0,0.98617446,1
test_inf/live/560013.png,0,0.9912145,1
test_inf/live/496392.png,0,0.98711467,1
test_inf/live/499212.png,0,0.9905391,1
test_inf/live/505532.png,0,0.9954495,1
test_inf/live/507466.png,0,0.995433,1
test_inf/live/509457.png,0,0.98227537,1
test_inf/live/509868.png,0,0.98458153,1
test_inf/live/510684.png,0,0.9927089,1
test_inf/live/511054.png,0,0.9945087,1
test_inf/live/513725.png,0,0.99094814,1
test_inf/live/513898.png,0,0.99519557,1
test_inf/live/518110.png,0,0.9978625,1
test_inf/live/520323.png,0,0.99201775,1
test_inf/live/520567.png,0,0.9946414,1
test_inf/live/521454.png,0,0.99384815,1
test_inf/live/521930.png,0,0.997241,1
test_inf/live/528876.png,0,0.98708445,1
test_inf/live/531069.png,0,0.9857854,1
test_inf/live/535462.png,0,0.9850544,1
test_inf/live/544110.png,0,0.9921819,1
test_inf/live/544819.png,0,0.98869693,1
test_inf/live/545680.png,0,0.9889446,1
test_inf/live/545876.png,0,0.99762756,1
test_inf/live/546834.png,0,0.9978321,1
test_inf/live/549906.png,0,0.9958074,1
test_inf/live/554978.png,0,0.9975667,1
test_inf/live/557028.png,0,0.99178165,1
test_inf/live/558764.png,0,0.99813074,1
test_inf/live/559749.png,0,0.99781597,1
test_inf/live/561334.png,0,0.9955433,1
test_inf/live/497027.png,0,0.9975153,1
test_inf/live/556049.png,0,0.99825436,1
test_inf/live/498483.png,0,0.99197704,1
test_inf/live/498505.png,0,0.9838123,1
test_inf/live/501260.png,0,0.98419374,1
test_inf/live/504042.png,0,0.98842084,1
test_inf/live/505351.png,0,0.9793306,1
test_inf/live/510902.png,0,0.98130256,1
test_inf/live/512307.png,0,0.98487306,1
test_inf/live/514511.png,0,0.9951976,1
test_inf/live/517969.png,0,0.9945328,1
test_inf/live/520920.png,0,0.9847835,1
test_inf/live/521482.png,0,0.9877286,1
test_inf/live/524288.png,0,0.98055756,1
test_inf/live/526217.png,0,0.9869819,1
test_inf/live/527160.png,0,0.991958,1
test_inf/live/530816.png,0,0.96538925,1
test_inf/live/532288.png,0,0.99174315,1
test_inf/live/532525.png,0,0.98487616,1
test_inf/live/535325.png,0,0.9772564,1
test_inf/live/536829.png,0,0.9707517,1
test_inf/live/538285.png,0,0.99779046,1
test_inf/live/541630.png,0,0.9912196,1
test_inf/live/543684.png,0,0.9886764,1
test_inf/live/497685.png,0,0.9953185,1
test_inf/live/501342.png,0,0.98676145,1
test_inf/live/508792.png,0,0.9965802,1
test_inf/live/512909.png,0,0.99794406,1
test_inf/live/513805.png,0,0.9929664,1
test_inf/live/518477.png,0,0.9894972,1
test_inf/live/521774.png,0,0.981587,1
test_inf/live/521850.png,0,0.9919071,1
test_inf/live/524991.png,0,0.9797712,1
test_inf/live/532708.png,0,0.97394335,1
test_inf/live/534003.png,0,0.9932239,1
test_inf/live/535264.png,0,0.9955722,1
test_inf/live/538685.png,0,0.99503577,1
test_inf/live/539042.png,0,0.97512555,1
test_inf/live/540262.png,0,0.9797385,1
test_inf/live/540904.png,0,0.99725914,1
test_inf/live/542235.png,0,0.99773586,1
test_inf/live/542347.png,0,0.9799504,1
test_inf/live/543628.png,0,0.99140453,1
test_inf/live/545966.png,0,0.9520353,1
test_inf/live/547345.png,0,0.9824567,1
test_inf/live/548503.png,0,0.99145573,1
test_inf/live/557112.png,0,0.9953767,1
test_inf/live/557276.png,0,0.9962478,1
test_inf/live/557801.png,0,0.98607594,1
test_inf/live/560948.png,0,0.98098654,1
test_inf/live/494542.png,0,0.9978108,1
test_inf/live/495737.png,0,0.98738354,1
test_inf/live/498967.png,0,0.9928099,1
test_inf/live/501885.png,0,0.9924015,1
test_inf/live/505845.png,0,0.98080415,1
test_inf/live/506558.png,0,0.99755967,1
test_inf/live/509199.png,0,0.99621505,1
test_inf/live/512126.png,0,0.99870217,1
test_inf/live/512212.png,0,0.9928623,1
test_inf/live/512581.png,0,0.9988728,1
test_inf/live/522130.png,0,0.9948001,1
test_inf/live/522795.png,0,0.9825219,1
test_inf/live/524068.png,0,0.9977022,1
test_inf/live/524657.png,0,0.9879981,1
test_inf/live/525207.png,0,0.98936903,1
test_inf/live/531224.png,0,0.9928879,1
test_inf/live/535728.png,0,0.991928,1
test_inf/live/538462.png,0,0.995886,1
test_inf/live/538557.png,0,0.9882704,1
test_inf/live/540561.png,0,0.98999035,1
test_inf/live/540934.png,0,0.9732983,1
test_inf/live/541574.png,0,0.9899714,1
test_inf/live/543925.png,0,0.9954391,1
test_inf/live/545705.png,0,0.99750084,1
test_inf/live/551781.png,0,0.98562175,1
test_inf/live/553596.png,0,0.9898517,1
test_inf/live/555323.png,0,0.9961588,1
test_inf/live/556973.png,0,0.9819005,1
test_inf/live/559673.png,0,0.9904807,1
test_inf/live/561131.png,0,0.99566275,1
test_inf/live/514323.png,0,0.99378633,1
test_inf/live/531449.png,0,0.97988826,1
test_inf/live/553428.png,0,0.9853151,1
test_inf/live/553660.png,0,0.99723417,1
test_inf/live/556530.png,0,0.99486685,1
test_inf/live/495310.png,0,0.99691856,1
test_inf/live/497853.png,0,0.994553,1
test_inf/live/498527.png,0,0.9419958,1
test_inf/live/499671.png,0,0.98406225,1
test_inf/live/502498.png,0,0.99353564,1
test_inf/live/504189.png,0,0.99242663,1
test_inf/live/510378.png,0,0.9911612,1
test_inf/live/512920.png,0,0.9918908,1
test_inf/live/519368.png,0,0.98452514,1
test_inf/live/521922.png,0,0.98953605,1
test_inf/live/522519.png,0,0.9905482,1
test_inf/live/527344.png,0,0.99378055,1
test_inf/live/527941.png,0,0.9893735,1
test_inf/live/530414.png,0,0.99475443,1
test_inf/live/532328.png,0,0.99776244,1
test_inf/live/535829.png,0,0.99432385,1
test_inf/live/537992.png,0,0.9861623,1
test_inf/live/543158.png,0,0.9947137,1
test_inf/live/544828.png,0,0.96464247,1
test_inf/live/544885.png,0,0.9979668,1
test_inf/live/545527.png,0,0.9946995,1
test_inf/live/549675.png,0,0.9921072,1
test_inf/live/549957.png,0,0.9952148,1
test_inf/live/551002.png,0,0.9919338,1
test_inf/live/551682.png,0,0.9789605,1
test_inf/live/553203.png,0,0.9965132,1
test_inf/live/556251.png,0,0.99506277,1
test_inf/live/556730.png,0,0.98776394,1
test_inf/live/556734.png,0,0.9826377,1
test_inf/live/558947.png,0,0.99141407,1
test_inf/live/497015.png,0,0.9867676,1
test_inf/live/497129.png,0,0.9875157,1
test_inf/live/497637.png,0,0.9955342,1
test_inf/live/503519.png,0,0.9898307,1
test_inf/spoof/508660.png,1,0.98554176,1
test_inf/spoof/517270.png,1,0.9819677,1
test_inf/spoof/524378.png,1,0.9796229,1
test_inf/spoof/532599.png,1,0.98184294,1
test_inf/spoof/540278.png,1,0.98062354,1
test_inf/spoof/549731.png,1,0.98441505,1
test_inf/spoof/550883.png,1,0.9813805,1
test_inf/spoof/552547.png,1,0.9838621,1
test_inf/spoof/554765.png,1,0.98289627,1
test_inf/spoof/555987.png,1,0.9812376,1
test_inf/spoof/558263.png,1,0.98194826,1
test_inf/spoof/495418.png,1,0.9982474,1
test_inf/spoof/496818.png,1,0.9984692,1
test_inf/spoof/500131.png,1,0.99466324,1
test_inf/spoof/500258.png,1,0.9984675,1
test_inf/spoof/500365.png,1,0.9985359,1
test_inf/spoof/501624.png,1,0.9989557,1
test_inf/spoof/501982.png,1,0.99868506,1
test_inf/spoof/502011.png,1,0.9980908,1
test_inf/spoof/502561.png,1,0.9982749,1
test_inf/spoof/503139.png,1,0.9985328,1
test_inf/spoof/508234.png,1,0.9985297,1
test_inf/spoof/508775.png,1,0.99824464,1
test_inf/spoof/508980.png,1,0.997336,1
test_inf/spoof/510088.png,1,0.99888617,1
test_inf/spoof/511267.png,1,0.9989662,1
test_inf/spoof/513751.png,1,0.9985495,1
test_inf/spoof/514921.png,1,0.998588,1
test_inf/spoof/517922.png,1,0.99830925,1
test_inf/spoof/521872.png,1,0.9982395,1
test_inf/spoof/524550.png,1,0.9984889,1
test_inf/spoof/526711.png,1,0.99901617,1
test_inf/spoof/528404.png,1,0.99831533,1
test_inf/spoof/529901.png,1,0.99115974,1
test_inf/spoof/531412.png,1,0.9852309,1
test_inf/spoof/532967.png,1,0.9990246,1
test_inf/spoof/540426.png,1,0.9982278,1
test_inf/spoof/541468.png,1,0.99826247,1
test_inf/spoof/541740.png,1,0.9989361,1
test_inf/spoof/542658.png,1,0.99884135,1
test_inf/spoof/549692.png,1,0.98258233,1
test_inf/spoof/555444.png,1,0.9982083,1
test_inf/spoof/559903.png,1,0.99861777,1
test_inf/spoof/560332.png,1,0.9984668,1
test_inf/spoof/497252.png,1,0.98825026,1
test_inf/spoof/500646.png,1,0.99328834,1
test_inf/spoof/501012.png,1,0.9929322,1
test_inf/spoof/501134.png,1,0.9899365,1
test_inf/spoof/505053.png,1,0.9936154,1
test_inf/spoof/505164.png,1,0.9945215,1
test_inf/spoof/505316.png,1,0.9922069,1
test_inf/spoof/509280.png,1,0.9900524,1
test_inf/spoof/512725.png,1,0.98927563,1
test_inf/spoof/517326.png,1,0.98871183,1
test_inf/spoof/517488.png,1,0.9901064,1
test_inf/spoof/520678.png,1,0.993778,1
test_inf/spoof/521262.png,1,0.9943404,1
test_inf/spoof/524566.png,1,0.9938632,1
test_inf/spoof/526232.png,1,0.9905957,1
test_inf/spoof/526299.png,1,0.99467975,1
test_inf/spoof/526581.png,1,0.9933403,1
test_inf/spoof/526588.png,1,0.99266326,1
test_inf/spoof/528557.png,1,0.99306774,1
test_inf/spoof/528743.png,1,0.990054,1
test_inf/spoof/529140.png,1,0.987107,1
test_inf/spoof/530433.png,1,0.9928477,1
test_inf/spoof/532182.png,1,0.9942107,1
test_inf/spoof/534226.png,1,0.9935748,1
test_inf/spoof/534419.png,1,0.9871018,1
test_inf/spoof/536744.png,1,0.9949313,1
test_inf/spoof/540714.png,1,0.9919933,1
test_inf/spoof/540789.png,1,0.98979414,1
test_inf/spoof/540958.png,1,0.99270153,1
test_inf/spoof/542590.png,1,0.9933955,1
test_inf/spoof/552423.png,1,0.9781804,1
test_inf/spoof/554463.png,1,0.99322045,1
test_inf/spoof/554910.png,1,0.99341303,1
test_inf/spoof/557863.png,1,0.98872536,1
test_inf/spoof/559450.png,1,0.99325114,1
test_inf/spoof/560674.png,1,0.9899592,1
test_inf/spoof/497819.png,1,0.97848105,1
test_inf/spoof/500428.png,1,0.9798406,1
test_inf/spoof/500902.png,1,0.983466,1
test_inf/spoof/502886.png,1,0.9833318,1
test_inf/spoof/506344.png,1,0.98156124,1
test_inf/spoof/509096.png,1,0.97749275,1
test_inf/spoof/510177.png,1,0.97962075,1
test_inf/spoof/513545.png,1,0.97566813,1
test_inf/spoof/514555.png,1,0.9853473,1
test_inf/spoof/517883.png,1,0.9773761,1
test_inf/spoof/518740.png,1,0.97911716,1
test_inf/spoof/520694.png,1,0.97735757,1
test_inf/spoof/530015.png,1,0.97862816,1
test_inf/spoof/537836.png,1,0.978272,1
test_inf/spoof/539079.png,1,0.98412645,1
test_inf/spoof/544103.png,1,0.9785938,1
test_inf/spoof/551113.png,1,0.9741648,1
test_inf/spoof/553361.png,1,0.9989064,1
test_inf/spoof/553770.png,1,0.9790546,1
test_inf/spoof/555625.png,1,0.977241,1
test_inf/spoof/518921.png,1,0.98644185,1
test_inf/spoof/495290.png,1,0.9842151,1
test_inf/spoof/497298.png,1,0.98382276,1
test_inf/spoof/498564.png,1,0.98344153,1
test_inf/spoof/498792.png,1,0.98601794,1
test_inf/spoof/499132.png,1,0.9860466,1
test_inf/spoof/500252.png,1,0.98456985,1
test_inf/spoof/500361.png,1,0.985903,1
test_inf/spoof/500733.png,1,0.983556,1
test_inf/spoof/501023.png,1,0.9855993,1
test_inf/spoof/501163.png,1,0.9852684,1
test_inf/spoof/501346.png,1,0.9824966,1
test_inf/spoof/502502.png,1,0.98571056,1
test_inf/spoof/502780.png,1,0.98487514,1
test_inf/spoof/503386.png,1,0.9831079,1
test_inf/spoof/504106.png,1,0.98814183,1
test_inf/spoof/504376.png,1,0.98535097,1
test_inf/spoof/504563.png,1,0.98546404,1
test_inf/spoof/506620.png,1,0.9858622,1
test_inf/spoof/507028.png,1,0.98381966,1
test_inf/spoof/507058.png,1,0.98377323,1
test_inf/spoof/507072.png,1,0.9842853,1
test_inf/spoof/509663.png,1,0.98526436,1
test_inf/spoof/511209.png,1,0.9824035,1
test_inf/spoof/512133.png,1,0.9848756,1
test_inf/spoof/512740.png,1,0.98555183,1
test_inf/spoof/512873.png,1,0.9871575,1
test_inf/spoof/514578.png,1,0.9848718,1
test_inf/spoof/517433.png,1,0.9854554,1
test_inf/spoof/517489.png,1,0.9856355,1
test_inf/spoof/519451.png,1,0.98317426,1
test_inf/spoof/519478.png,1,0.977999,1
test_inf/spoof/519549.png,1,0.98658794,1
test_inf/spoof/522033.png,1,0.98488915,1
test_inf/spoof/523852.png,1,0.9861813,1
test_inf/spoof/525426.png,1,0.9844097,1
test_inf/spoof/526910.png,1,0.98419166,1
test_inf/spoof/529653.png,1,0.98488474,1
test_inf/spoof/530812.png,1,0.986418,1
test_inf/spoof/532338.png,1,0.98448426,1
test_inf/spoof/533281.png,1,0.98604494,1
test_inf/spoof/535038.png,1,0.9869819,1
test_inf/spoof/536317.png,1,0.98611104,1
test_inf/spoof/536320.png,1,0.9856107,1
test_inf/spoof/539704.png,1,0.986649,1
test_inf/spoof/540093.png,1,0.9874945,1
test_inf/spoof/540398.png,1,0.9825753,1
test_inf/spoof/540508.png,1,0.9864304,1
test_inf/spoof/541257.png,1,0.98494536,1
test_inf/spoof/542381.png,1,0.98400766,1
test_inf/spoof/544040.png,1,0.98436105,1
test_inf/spoof/544595.png,1,0.98396146,1
test_inf/spoof/546052.png,1,0.9862536,1
test_inf/spoof/547376.png,1,0.9829752,1
test_inf/spoof/548923.png,1,0.9832298,1
test_inf/spoof/549256.png,1,0.9859059,1
test_inf/spoof/549965.png,1,0.9843932,1
test_inf/spoof/549980.png,1,0.98383397,1
test_inf/spoof/550784.png,1,0.9842646,1
test_inf/spoof/552411.png,1,0.9847157,1
test_inf/spoof/552764.png,1,0.9854269,1
test_inf/spoof/552996.png,1,0.98498607,1
test_inf/spoof/553975.png,1,0.9820357,1
test_inf/spoof/554583.png,1,0.9857778,1
test_inf/spoof/555064.png,1,0.98519415,1
test_inf/spoof/556095.png,1,0.9868749,1
test_inf/spoof/556947.png,1,0.9826484,1
test_inf/spoof/557732.png,1,0.9844624,1
test_inf/spoof/557976.png,1,0.9862817,1
test_inf/spoof/559908.png,1,0.9849819,1
test_inf/spoof/560927.png,1,0.9833512,1
test_inf/spoof/561560.png,1,0.98665595,1
test_inf/spoof/494510.png,1,0.9906,1
test_inf/spoof/495139.png,1,0.9878703,1
test_inf/spoof/496062.png,1,0.988744,1
test_inf/spoof/496249.png,1,0.99082655,1
test_inf/spoof/497705.png,1,0.98861516,1
test_inf/spoof/503368.png,1,0.99122673,1
test_inf/spoof/505289.png,1,0.9895951,1
test_inf/spoof/506271.png,1,0.9877325,1
test_inf/spoof/507841.png,1,0.9891048,1
test_inf/spoof/509617.png,1,0.9886436,1
test_inf/spoof/510098.png,1,0.9879609,1
test_inf/spoof/510476.png,1,0.9888759,1
test_inf/spoof/510640.png,1,0.9895447,1
test_inf/spoof/515437.png,1,0.991932,1
test_inf/spoof/515818.png,1,0.98991126,1
test_inf/spoof/517994.png,1,0.99083406,1
test_inf/spoof/518055.png,1,0.9862402,1
test_inf/spoof/519086.png,1,0.9928559,1
test_inf/spoof/519802.png,1,0.9897092,1
test_inf/spoof/525566.png,1,0.9876396,1
test_inf/spoof/527370.png,1,0.9902998,1
test_inf/spoof/529266.png,1,0.9901822,1
test_inf/spoof/533372.png,1,0.99112064,1
test_inf/spoof/534199.png,1,0.98957974,1
test_inf/spoof/536650.png,1,0.9890028,1
test_inf/spoof/537192.png,1,0.9903446,1
test_inf/spoof/539530.png,1,0.9920884,1
test_inf/spoof/540847.png,1,0.9912709,1
test_inf/spoof/542676.png,1,0.9884929,1
test_inf/spoof/542728.png,1,0.9886496,1
test_inf/spoof/543310.png,1,0.99136215,1
test_inf/spoof/545637.png,1,0.9866981,1
test_inf/spoof/546463.png,1,0.98990357,1
test_inf/spoof/551439.png,1,0.9898538,1
test_inf/spoof/552366.png,1,0.991738,1
test_inf/spoof/555313.png,1,0.9917041,1
test_inf/spoof/555980.png,1,0.9885697,1
test_inf/spoof/556248.png,1,0.9858013,1
test_inf/spoof/559327.png,1,0.99026555,1
test_inf/spoof/559579.png,1,0.9890553,1
test_inf/spoof/561380.png,1,0.9872251,1
test_inf/spoof/500180.png,1,0.9947056,1
test_inf/spoof/504540.png,1,0.970511,1
test_inf/spoof/507173.png,1,0.9855634,1
test_inf/spoof/508955.png,1,0.9752305,1
test_inf/spoof/513908.png,1,0.9651626,1
test_inf/spoof/521570.png,1,0.9952083,1
test_inf/spoof/525051.png,1,0.9686593,1
test_inf/spoof/526736.png,1,0.9670347,1
test_inf/spoof/548970.png,1,0.9783306,1
test_inf/spoof/552557.png,1,0.966508,1
test_inf/spoof/515142.png,1,0.9732228,1
test_inf/spoof/542318.png,1,0.9755584,1
test_inf/spoof/542875.png,1,0.9752892,1
test_inf/spoof/560130.png,1,0.9748229,1
test_inf/spoof/495159.png,1,0.99329597,1
test_inf/spoof/499506.png,1,0.9887814,1
test_inf/spoof/500106.png,1,0.9902919,1
test_inf/spoof/500157.png,1,0.98975337,1
test_inf/spoof/500757.png,1,0.9900373,1
test_inf/spoof/501187.png,1,0.9891733,1
test_inf/spoof/502778.png,1,0.9903639,1
test_inf/spoof/503523.png,1,0.9926116,1
test_inf/spoof/504732.png,1,0.9922686,1
test_inf/spoof/507215.png,1,0.98851544,1
test_inf/spoof/507554.png,1,0.98737204,1
test_inf/spoof/508179.png,1,0.99324316,1
test_inf/spoof/508483.png,1,0.99354786,1
test_inf/spoof/508992.png,1,0.990216,1
test_inf/spoof/510938.png,1,0.9908591,1
test_inf/spoof/512275.png,1,0.9870837,1
test_inf/spoof/513690.png,1,0.99338526,1
test_inf/spoof/514992.png,1,0.9877201,1
test_inf/spoof/517726.png,1,0.99105316,1
test_inf/spoof/519107.png,1,0.9927578,1
test_inf/spoof/519515.png,1,0.9935015,1
test_inf/spoof/523791.png,1,0.99189115,1
test_inf/spoof/524256.png,1,0.9900469,1
test_inf/spoof/524588.png,1,0.9877956,1
test_inf/spoof/524667.png,1,0.98875463,1
test_inf/spoof/524791.png,1,0.98823744,1
test_inf/spoof/527224.png,1,0.9931462,1
test_inf/spoof/530847.png,1,0.9937959,1
test_inf/spoof/531472.png,1,0.99297273,1
test_inf/spoof/533410.png,1,0.9881579,1
test_inf/spoof/534721.png,1,0.9911007,1
test_inf/spoof/536487.png,1,0.9931625,1
test_inf/spoof/537106.png,1,0.98878634,1
test_inf/spoof/540243.png,1,0.991314,1
test_inf/spoof/541931.png,1,0.99002343,1
test_inf/spoof/544282.png,1,0.9876288,1
test_inf/spoof/545810.png,1,0.99291396,1
test_inf/spoof/545854.png,1,0.99216026,1
test_inf/spoof/546141.png,1,0.99044013,1
test_inf/spoof/548085.png,1,0.9904565,1
test_inf/spoof/548613.png,1,0.99100316,1
test_inf/spoof/549929.png,1,0.9880057,1
test_inf/spoof/550200.png,1,0.99337584,1
test_inf/spoof/551456.png,1,0.98861784,1
test_inf/spoof/553222.png,1,0.9900621,1
test_inf/spoof/553325.png,1,0.9882367,1
test_inf/spoof/553750.png,1,0.99280906,1
test_inf/spoof/557241.png,1,0.9915004,1
test_inf/spoof/557811.png,1,0.9914163,1
test_inf/spoof/558034.png,1,0.989042,1
test_inf/spoof/558503.png,1,0.9931584,1
test_inf/spoof/495627.png,1,0.98648816,1
test_inf/spoof/495919.png,1,0.9856857,1
test_inf/spoof/496648.png,1,0.9881982,1
test_inf/spoof/497781.png,1,0.99677974,1
test_inf/spoof/498737.png,1,0.9880988,1
test_inf/spoof/499932.png,1,0.99711394,1
test_inf/spoof/500242.png,1,0.9912874,1
test_inf/spoof/500280.png,1,0.98682445,1
test_inf/spoof/502365.png,1,0.9972608,1
test_inf/spoof/502831.png,1,0.98714554,1
test_inf/spoof/503143.png,1,0.98705786,1
test_inf/spoof/504513.png,1,0.98780024,1
test_inf/spoof/504699.png,1,0.9871694,1
test_inf/spoof/505023.png,1,0.9967428,1
test_inf/spoof/505326.png,1,0.9887567,1
test_inf/spoof/505529.png,1,0.99670166,1
test_inf/spoof/505679.png,1,0.9964012,1
test_inf/spoof/505725.png,1,0.9869279,1
test_inf/spoof/506023.png,1,0.9848029,1
test_inf/spoof/506267.png,1,0.981584,1
test_inf/spoof/506661.png,1,0.9847884,1
test_inf/spoof/507194.png,1,0.98849225,1
test_inf/spoof/507255.png,1,0.98686546,1
test_inf/spoof/507469.png,1,0.9965456,1
test_inf/spoof/508222.png,1,0.99672985,1
test_inf/spoof/508354.png,1,0.9894785,1
test_inf/spoof/508973.png,1,0.9883923,1
test_inf/spoof/509299.png,1,0.9827831,1
test_inf/spoof/509993.png,1,0.9902339,1
test_inf/spoof/510026.png,1,0.98802894,1
test_inf/spoof/510120.png,1,0.98884946,1
test_inf/spoof/511354.png,1,0.9873237,1
test_inf/spoof/511801.png,1,0.99645966,1
test_inf/spoof/511903.png,1,0.9795227,1
test_inf/spoof/513688.png,1,0.98479086,1
test_inf/spoof/513842.png,1,0.9972248,1
test_inf/spoof/513919.png,1,0.98875636,1
test_inf/spoof/513937.png,1,0.98412424,1
test_inf/spoof/515477.png,1,0.9885554,1
test_inf/spoof/515623.png,1,0.9872455,1
test_inf/spoof/516920.png,1,0.9959943,1
test_inf/spoof/517040.png,1,0.98713857,1
test_inf/spoof/517459.png,1,0.9872908,1
test_inf/spoof/518220.png,1,0.9868275,1
test_inf/spoof/518364.png,1,0.9878135,1
test_inf/spoof/519235.png,1,0.9971554,1
test_inf/spoof/520634.png,1,0.98862875,1
test_inf/spoof/520773.png,1,0.9839054,1
test_inf/spoof/521107.png,1,0.9903654,1
test_inf/spoof/521483.png,1,0.9867611,1
test_inf/spoof/521663.png,1,0.98986524,1
test_inf/spoof/522259.png,1,0.9969855,1
test_inf/spoof/522586.png,1,0.98527616,1
test_inf/spoof/523028.png,1,0.9827251,1
test_inf/spoof/523598.png,1,0.9965702,1
test_inf/spoof/523702.png,1,0.9874973,1
test_inf/spoof/524340.png,1,0.98881185,1
test_inf/spoof/524582.png,1,0.9849433,1
test_inf/spoof/525149.png,1,0.98852694,1
test_inf/spoof/525287.png,1,0.99698955,1
test_inf/spoof/525711.png,1,0.98774207,1
test_inf/spoof/526583.png,1,0.98727083,1
test_inf/spoof/527284.png,1,0.9863501,1
test_inf/spoof/527294.png,1,0.98551995,1
test_inf/spoof/527834.png,1,0.9855371,1
test_inf/spoof/528062.png,1,0.98349935,1
test_inf/spoof/528168.png,1,0.9964909,1
test_inf/spoof/528463.png,1,0.98758286,1
test_inf/spoof/529226.png,1,0.99640536,1
test_inf/spoof/530899.png,1,0.9878556,1
test_inf/spoof/532939.png,1,0.98902833,1
test_inf/spoof/533176.png,1,0.9877302,1
test_inf/spoof/533582.png,1,0.98964185,1
test_inf/spoof/534598.png,1,0.9857428,1
test_inf/spoof/534701.png,1,0.9901068,1
test_inf/spoof/535851.png,1,0.98593104,1
test_inf/spoof/536191.png,1,0.98464245,1
test_inf/spoof/536229.png,1,0.9867361,1
test_inf/spoof/538845.png,1,0.9966377,1
test_inf/spoof/539590.png,1,0.9820238,1
test_inf/spoof/540659.png,1,0.9841575,1
test_inf/spoof/542218.png,1,0.98702955,1
test_inf/spoof/542470.png,1,0.98305166,1
test_inf/spoof/544144.png,1,0.9852873,1
test_inf/spoof/544806.png,1,0.9971142,1
test_inf/spoof/545747.png,1,0.9893652,1
test_inf/spoof/546802.png,1,0.9875059,1
test_inf/spoof/547517.png,1,0.9864638,1
test_inf/spoof/547960.png,1,0.9865797,1
test_inf/spoof/548598.png,1,0.9862068,1
test_inf/spoof/549183.png,1,0.9871164,1
test_inf/spoof/549964.png,1,0.98925906,1
test_inf/spoof/550232.png,1,0.98584473,1
test_inf/spoof/550987.png,1,0.9862251,1
test_inf/spoof/551247.png,1,0.99034065,1
test_inf/spoof/551396.png,1,0.9973028,1
test_inf/spoof/551599.png,1,0.9896662,1
test_inf/spoof/551658.png,1,0.9886797,1
test_inf/spoof/551812.png,1,0.99547076,1
test_inf/spoof/553505.png,1,0.9838666,1
test_inf/spoof/555876.png,1,0.9968972,1
test_inf/spoof/556223.png,1,0.9866687,1
test_inf/spoof/557072.png,1,0.9870855,1
test_inf/spoof/557152.png,1,0.9870883,1
test_inf/spoof/557451.png,1,0.9867098,1
test_inf/spoof/558395.png,1,0.9844215,1
test_inf/spoof/559095.png,1,0.9862367,1
test_inf/spoof/559111.png,1,0.9867932,1
test_inf/spoof/561360.png,1,0.98555124,1
test_inf/spoof/502347.png,1,0.9952988,1
test_inf/spoof/506506.png,1,0.99301827,1
test_inf/spoof/532813.png,1,0.99506444,1
test_inf/spoof/532978.png,1,0.9956476,1
test_inf/spoof/533476.png,1,0.9934052,1
test_inf/spoof/535000.png,1,0.992792,1
test_inf/spoof/535116.png,1,0.99338067,1
test_inf/spoof/540356.png,1,0.9936074,1
test_inf/spoof/546079.png,1,0.9923999,1
test_inf/spoof/550998.png,1,0.99324435,1
test_inf/spoof/561238.png,1,0.9931083,1
test_inf/spoof/494778.png,1,0.98939776,1
test_inf/spoof/499246.png,1,0.9941316,1
test_inf/spoof/500260.png,1,0.9945745,1
test_inf/spoof/500637.png,1,0.99049765,1
test_inf/spoof/501291.png,1,0.9917875,1
test_inf/spoof/502970.png,1,0.99046165,1
test_inf/spoof/504194.png,1,0.98804796,1
test_inf/spoof/506008.png,1,0.9875701,1
test_inf/spoof/508031.png,1,0.98901564,1
test_inf/spoof/508358.png,1,0.99054796,1
test_inf/spoof/510309.png,1,0.98504883,1
test_inf/spoof/511805.png,1,0.99417925,1
test_inf/spoof/512904.png,1,0.9871761,1
test_inf/spoof/514585.png,1,0.99432254,1
test_inf/spoof/514795.png,1,0.9861588,1
test_inf/spoof/515943.png,1,0.9912544,1
test_inf/spoof/515948.png,1,0.98885894,1
test_inf/spoof/517103.png,1,0.9898623,1
test_inf/spoof/517316.png,1,0.98919666,1
test_inf/spoof/517818.png,1,0.99075764,1
test_inf/spoof/518610.png,1,0.9887184,1
test_inf/spoof/518858.png,1,0.98949486,1
test_inf/spoof/520067.png,1,0.9943962,1
test_inf/spoof/520597.png,1,0.9945431,1
test_inf/spoof/522393.png,1,0.9875052,1
test_inf/spoof/524404.png,1,0.9895828,1
test_inf/spoof/524668.png,1,0.98401964,1
test_inf/spoof/524837.png,1,0.9901812,1
test_inf/spoof/525568.png,1,0.99095553,1
test_inf/spoof/526973.png,1,0.9889003,1
test_inf/spoof/528698.png,1,0.98943967,1
test_inf/spoof/532087.png,1,0.98971003,1
test_inf/spoof/532184.png,1,0.9907603,1
test_inf/spoof/533154.png,1,0.9888021,1
test_inf/spoof/534127.png,1,0.9893651,1
test_inf/spoof/534134.png,1,0.9894331,1
test_inf/spoof/535821.png,1,0.9897215,1
test_inf/spoof/538560.png,1,0.99032634,1
test_inf/spoof/539433.png,1,0.9883836,1
test_inf/spoof/539806.png,1,0.9871724,1
test_inf/spoof/540374.png,1,0.9911856,1
test_inf/spoof/541147.png,1,0.99116874,1
test_inf/spoof/542508.png,1,0.98371243,1
test_inf/spoof/544394.png,1,0.98729765,1
test_inf/spoof/548577.png,1,0.9863961,1
test_inf/spoof/549199.png,1,0.98839056,1
test_inf/spoof/549408.png,1,0.98427725,1
test_inf/spoof/551427.png,1,0.98834026,1
test_inf/spoof/553547.png,1,0.99082667,1
test_inf/spoof/555466.png,1,0.99149317,1
test_inf/spoof/555961.png,1,0.9868449,1
test_inf/spoof/557317.png,1,0.99319,1
test_inf/spoof/558191.png,1,0.986185,1
test_inf/spoof/559167.png,1,0.9874356,1
test_inf/spoof/559302.png,1,0.9909169,1
test_inf/spoof/559322.png,1,0.9849648,1
test_inf/spoof/559868.png,1,0.9848022,1
test_inf/spoof/560969.png,1,0.9849376,1
test_inf/spoof/561007.png,1,0.9905003,1
test_inf/spoof/494822.png,1,0.9520093,1
test_inf/spoof/496117.png,1,0.9745447,1
test_inf/spoof/499154.png,1,0.9484617,1
test_inf/spoof/501657.png,1,0.9614834,1
test_inf/spoof/514104.png,1,0.96914333,1
test_inf/spoof/514680.png,1,0.96071225,1
test_inf/spoof/515705.png,1,0.9689153,1
test_inf/spoof/515888.png,1,0.96755767,1
test_inf/spoof/517645.png,1,0.9673294,1
test_inf/spoof/521626.png,1,0.96478367,1
test_inf/spoof/522921.png,1,0.96765476,1
test_inf/spoof/523171.png,1,0.9556487,1
test_inf/spoof/523637.png,1,0.96459955,1
test_inf/spoof/523789.png,1,0.96393734,1
test_inf/spoof/524399.png,1,0.9641577,1
test_inf/spoof/526720.png,1,0.96226925,1
test_inf/spoof/528268.png,1,0.9646662,1
test_inf/spoof/529579.png,1,0.9670942,1
test_inf/spoof/530035.png,1,0.9624577,1
test_inf/spoof/531943.png,1,0.95903265,1
test_inf/spoof/532209.png,1,0.95920384,1
test_inf/spoof/532442.png,1,0.94581735,1
test_inf/spoof/532804.png,1,0.9586554,1
test_inf/spoof/533159.png,1,0.9699479,1
test_inf/spoof/534544.png,1,0.9658273,1
test_inf/spoof/536162.png,1,0.950555,1
test_inf/spoof/539048.png,1,0.967606,1
test_inf/spoof/541375.png,1,0.96503085,1
test_inf/spoof/545440.png,1,0.96869195,1
test_inf/spoof/549104.png,1,0.9707643,1
test_inf/spoof/550833.png,1,0.9674065,1
test_inf/spoof/555820.png,1,0.96007884,1
test_inf/spoof/556939.png,1,0.9625893,1
test_inf/spoof/557809.png,1,0.97033036,1
test_inf/spoof/558237.png,1,0.96720815,1
test_inf/spoof/558854.png,1,0.9665512,1
test_inf/spoof/560595.png,1,0.9528272,1
test_inf/spoof/495186.png,1,0.99154,1
test_inf/spoof/500310.png,1,0.99170715,1
test_inf/spoof/503130.png,1,0.98933595,1
test_inf/spoof/503931.png,1,0.99185854,1
test_inf/spoof/504459.png,1,0.99098116,1
test_inf/spoof/506551.png,1,0.9907669,1
test_inf/spoof/507796.png,1,0.9914042,1
test_inf/spoof/508515.png,1,0.9912561,1
test_inf/spoof/509116.png,1,0.99180716,1
test_inf/spoof/509481.png,1,0.99146795,1
test_inf/spoof/513359.png,1,0.99010676,1
test_inf/spoof/515455.png,1,0.989735,1
test_inf/spoof/516530.png,1,0.99168396,1
test_inf/spoof/519143.png,1,0.99076545,1
test_inf/spoof/519244.png,1,0.99205315,1
test_inf/spoof/519291.png,1,0.99114776,1
test_inf/spoof/519886.png,1,0.9905605,1
test_inf/spoof/521081.png,1,0.99234664,1
test_inf/spoof/522359.png,1,0.9904897,1
test_inf/spoof/522599.png,1,0.9914102,1
test_inf/spoof/523677.png,1,0.989593,1
test_inf/spoof/524143.png,1,0.9916951,1
test_inf/spoof/526730.png,1,0.9911782,1
test_inf/spoof/527101.png,1,0.99216413,1
test_inf/spoof/527187.png,1,0.9910177,1
test_inf/spoof/527803.png,1,0.9916745,1
test_inf/spoof/528176.png,1,0.99132866,1
test_inf/spoof/528894.png,1,0.9920598,1
test_inf/spoof/529005.png,1,0.99124825,1
test_inf/spoof/529756.png,1,0.99134564,1
test_inf/spoof/530183.png,1,0.9924452,1
test_inf/spoof/532114.png,1,0.9910965,1
test_inf/spoof/532682.png,1,0.99114424,1
test_inf/spoof/532727.png,1,0.99328995,1
test_inf/spoof/533272.png,1,0.9910637,1
test_inf/spoof/533318.png,1,0.99223363,1
test_inf/spoof/533932.png,1,0.99120903,1
test_inf/spoof/533986.png,1,0.99121666,1
test_inf/spoof/535891.png,1,0.9918783,1
test_inf/spoof/537404.png,1,0.99137914,1
test_inf/spoof/539307.png,1,0.98956126,1
test_inf/spoof/540807.png,1,0.9918961,1
test_inf/spoof/542592.png,1,0.99182796,1
test_inf/spoof/543356.png,1,0.99152595,1
test_inf/spoof/543655.png,1,0.98854876,1
test_inf/spoof/547107.png,1,0.98596156,1
test_inf/spoof/547116.png,1,0.9921744,1
test_inf/spoof/547975.png,1,0.9903161,1
test_inf/spoof/550212.png,1,0.98943746,1
test_inf/spoof/551471.png,1,0.9909484,1
test_inf/spoof/554924.png,1,0.99237955,1
test_inf/spoof/559122.png,1,0.98728055,1
test_inf/spoof/559439.png,1,0.9905663,1
test_inf/spoof/561348.png,1,0.9906281,1
test_inf/spoof/497399.png,1,0.9760484,1
test_inf/spoof/502539.png,1,0.9827351,1
test_inf/spoof/502729.png,1,0.97895837,1
test_inf/spoof/507274.png,1,0.98273265,1
test_inf/spoof/509274.png,1,0.9811803,1
test_inf/spoof/511053.png,1,0.980455,1
test_inf/spoof/520003.png,1,0.9812021,1
test_inf/spoof/522459.png,1,0.9794804,1
test_inf/spoof/528877.png,1,0.9816695,1
test_inf/spoof/532393.png,1,0.9914756,1
test_inf/spoof/533378.png,1,0.9864573,1
test_inf/spoof/533693.png,1,0.9771367,1
test_inf/spoof/535822.png,1,0.9816783,1
test_inf/spoof/537412.png,1,0.97958446,1
test_inf/spoof/540051.png,1,0.97971374,1
test_inf/spoof/541896.png,1,0.9829327,1
test_inf/spoof/544754.png,1,0.9815638,1
test_inf/spoof/545251.png,1,0.9824332,1
test_inf/spoof/547364.png,1,0.9793326,1
test_inf/spoof/557720.png,1,0.9795405,1
test_inf/spoof/558917.png,1,0.97014266,1
test_inf/spoof/525885.png,1,0.99834347,1
test_inf/spoof/532925.png,1,0.99063617,1
test_inf/spoof/495709.png,1,0.99541414,1
test_inf/spoof/501186.png,1,0.99556595,1
test_inf/spoof/509297.png,1,0.995471,1
test_inf/spoof/511176.png,1,0.99684346,1
test_inf/spoof/513064.png,1,0.9953263,1
test_inf/spoof/516912.png,1,0.99570507,1
test_inf/spoof/520709.png,1,0.9965712,1
test_inf/spoof/520797.png,1,0.99592185,1
test_inf/spoof/523342.png,1,0.9958961,1
test_inf/spoof/523513.png,1,0.99581593,1
test_inf/spoof/523547.png,1,0.99542975,1
test_inf/spoof/527888.png,1,0.99588287,1
test_inf/spoof/530368.png,1,0.9963547,1
test_inf/spoof/531948.png,1,0.9942477,1
test_inf/spoof/534373.png,1,0.9963607,1
test_inf/spoof/538109.png,1,0.9963517,1
test_inf/spoof/538507.png,1,0.99525815,1
test_inf/spoof/539210.png,1,0.99404424,1
test_inf/spoof/540234.png,1,0.99407566,1
test_inf/spoof/545282.png,1,0.99663585,1
test_inf/spoof/546228.png,1,0.99440634,1
test_inf/spoof/548930.png,1,0.99432915,1
test_inf/spoof/549021.png,1,0.9966363,1
test_inf/spoof/549295.png,1,0.9966904,1
test_inf/spoof/550128.png,1,0.9952114,1
test_inf/spoof/550667.png,1,0.995227,1
test_inf/spoof/551912.png,1,0.99753284,1
test_inf/spoof/552925.png,1,0.9963916,1
test_inf/spoof/554825.png,1,0.9946457,1
test_inf/spoof/556770.png,1,0.9948495,1
test_inf/spoof/498779.png,1,0.9973652,1
test_inf/spoof/499425.png,1,0.99754924,1
test_inf/spoof/500294.png,1,0.9976031,1
test_inf/spoof/500922.png,1,0.99732107,1
test_inf/spoof/509419.png,1,0.9972485,1
test_inf/spoof/509694.png,1,0.9972153,1
test_inf/spoof/509867.png,1,0.9969399,1
test_inf/spoof/515773.png,1,0.99698997,1
test_inf/spoof/520459.png,1,0.9977883,1
test_inf/spoof/520949.png,1,0.9969548,1
test_inf/spoof/522090.png,1,0.99700755,1
test_inf/spoof/535513.png,1,0.99721104,1
test_inf/spoof/536526.png,1,0.9971308,1
test_inf/spoof/551532.png,1,0.99709,1
test_inf/spoof/557575.png,1,0.9973295,1
test_inf/spoof/559662.png,1,0.99724185,1
test_inf/spoof/496124.png,1,0.9882097,1
test_inf/spoof/496180.png,1,0.9849518,1
test_inf/spoof/496322.png,1,0.98629874,1
test_inf/spoof/498767.png,1,0.9845852,1
test_inf/spoof/506296.png,1,0.98919404,1
test_inf/spoof/512089.png,1,0.9919071,1
test_inf/spoof/520962.png,1,0.9853188,1
test_inf/spoof/523053.png,1,0.99590766,1
test_inf/spoof/525027.png,1,0.9859788,1
test_inf/spoof/525656.png,1,0.9877127,1
test_inf/spoof/538017.png,1,0.98469734,1
test_inf/spoof/539315.png,1,0.98773926,1
test_inf/spoof/540360.png,1,0.98804724,1
test_inf/spoof/541714.png,1,0.98553234,1
test_inf/spoof/541947.png,1,0.98423636,1
test_inf/spoof/557370.png,1,0.99712163,1
test_inf/spoof/557536.png,1,0.99680823,1
test_inf/spoof/495659.png,1,0.9912465,1
test_inf/spoof/495887.png,1,0.9947819,1
test_inf/spoof/499078.png,1,0.9911246,1
test_inf/spoof/506814.png,1,0.99432087,1
test_inf/spoof/510773.png,1,0.99056834,1
test_inf/spoof/513080.png,1,0.99388546,1
test_inf/spoof/519778.png,1,0.9954205,1
test_inf/spoof/521347.png,1,0.99459606,1
test_inf/spoof/522872.png,1,0.9957344,1
test_inf/spoof/523131.png,1,0.99551105,1
test_inf/spoof/527010.png,1,0.99014634,1
test_inf/spoof/527610.png,1,0.9902052,1
test_inf/spoof/530055.png,1,0.99355847,1
test_inf/spoof/530196.png,1,0.99033666,1
test_inf/spoof/533621.png,1,0.9908359,1
test_inf/spoof/544133.png,1,0.99642247,1
test_inf/spoof/544384.png,1,0.9951449,1
test_inf/spoof/553316.png,1,0.9972932,1
test_inf/spoof/554829.png,1,0.9909305,1
test_inf/spoof/555996.png,1,0.9950335,1
test_inf/spoof/561036.png,1,0.99666166,1
test_inf/spoof/497907.png,1,0.99118024,1
test_inf/spoof/499936.png,1,0.9924388,1
test_inf/spoof/502250.png,1,0.99306256,1
test_inf/spoof/508831.png,1,0.9927614,1
test_inf/spoof/514676.png,1,0.9913845,1
test_inf/spoof/516181.png,1,0.9928911,1
test_inf/spoof/522254.png,1,0.99276054,1
test_inf/spoof/522498.png,1,0.9955354,1
test_inf/spoof/527053.png,1,0.99369794,1
test_inf/spoof/529819.png,1,0.99249965,1
test_inf/spoof/531786.png,1,0.99166566,1
test_inf/spoof/537951.png,1,0.9937126,1
test_inf/spoof/548989.png,1,0.99568707,1
test_inf/spoof/552700.png,1,0.99207145,1
test_inf/spoof/557431.png,1,0.99403244,1
test_inf/spoof/560817.png,1,0.9881861,1
